T05,Proportion of seats held by women in national parliament,,,,,,,
Region/Country/Area,,Year,Series,Last Election Date,Last Election Date footnote,Value,Footnotes,Source
1,"Total, all countries or areas",2000,"Seats held by women in national parliament, as of February (%)",,,13.3396,,"Inter-Parliamentary Union (IPU), Geneva, ""Women in National Parliament"" dataset and the Millennium Development Goals Indicators database, last accessed March 2019."
1,"Total, all countries or areas",2005,"Seats held by women in national parliament, as of February (%)",,,15.9373,,"Inter-Parliamentary Union (IPU), Geneva, ""Women in National Parliament"" dataset and the Millennium Development Goals Indicators database, last accessed March 2019."
1,"Total, all countries or areas",2010,"Seats held by women in national parliament, as of February (%)",,,19.0306,,"Inter-Parliamentary Union (IPU), Geneva, ""Women in National Parliament"" dataset and the Millennium Development Goals Indicators database, last accessed March 2019."
1,"Total, all countries or areas",2015,"Seats held by women in national parliament, as of February (%)",,,22.2732,,"Inter-Parliamentary Union (IPU), Geneva, ""Women in National Parliament"" dataset and the Millennium Development Goals Indicators database, last accessed March 2019."
1,"Total, all countries or areas",2016,"Seats held by women in national parliament, as of February (%)",,,22.7371,,"Inter-Parliamentary Union (IPU), Geneva, ""Women in National Parliament"" dataset and the Millennium Development Goals Indicators database, last accessed March 2019."
1,"Total, all countries or areas",2017,"Seats held by women in national parliament, as of February (%)",,,23.3881,,"Inter-Parliamentary Union (IPU), Geneva, ""Women in National Parliament"" dataset and the Millennium Development Goals Indicators database, last accessed March 2019."
1,"Total, all countries or areas",2018,"Seats held by women in national parliament, as of February (%)",,,23.4288,,"Inter-Parliamentary Union (IPU), Geneva, ""Women in National Parliament"" dataset and the Millennium Development Goals Indicators database, last accessed March 2019."
1,"Total, all countries or areas",2019,"Seats held by women in national parliament, as of February (%)",,,24.2981,,"Inter-Parliamentary Union (IPU), Geneva, ""Women in National Parliament"" dataset and the Millennium Development Goals Indicators database, last accessed March 2019."
2,Africa,2000,"Seats held by women in national parliament, as of February (%)",,,10.4459,,"Inter-Parliamentary Union (IPU), Geneva, ""Women in National Parliament"" dataset and the Millennium Development Goals Indicators database, last accessed March 2019."
2,Africa,2005,"Seats held by women in national parliament, as of February (%)",,,13.9041,,"Inter-Parliamentary Union (IPU), Geneva, ""Women in National Parliament"" dataset and the Millennium Development Goals Indicators database, last accessed March 2019."
2,Africa,2010,"Seats held by women in national parliament, as of February (%)",,,17.3825,,"Inter-Parliamentary Union (IPU), Geneva, ""Women in National Parliament"" dataset and the Millennium Development Goals Indicators database, last accessed March 2019."
2,Africa,2015,"Seats held by women in national parliament, as of February (%)",,,22.9575,,"Inter-Parliamentary Union (IPU), Geneva, ""Women in National Parliament"" dataset and the Millennium Development Goals Indicators database, last accessed March 2019."
2,Africa,2016,"Seats held by women in national parliament, as of February (%)",,,23.2571,,"Inter-Parliamentary Union (IPU), Geneva, ""Women in National Parliament"" dataset and the Millennium Development Goals Indicators database, last accessed March 2019."
2,Africa,2017,"Seats held by women in national parliament, as of February (%)",,,23.7461,,"Inter-Parliamentary Union (IPU), Geneva, ""Women in National Parliament"" dataset and the Millennium Development Goals Indicators database, last accessed March 2019."
2,Africa,2018,"Seats held by women in national parliament, as of February (%)",,,23.4347,,"Inter-Parliamentary Union (IPU), Geneva, ""Women in National Parliament"" dataset and the Millennium Development Goals Indicators database, last accessed March 2019."
2,Africa,2019,"Seats held by women in national parliament, as of February (%)",,,23.6237,,"Inter-Parliamentary Union (IPU), Geneva, ""Women in National Parliament"" dataset and the Millennium Development Goals Indicators database, last accessed March 2019."
15,Northern Africa,2000,"Seats held by women in national parliament, as of February (%)",,,4.5376,,"Inter-Parliamentary Union (IPU), Geneva, ""Women in National Parliament"" dataset and the Millennium Development Goals Indicators database, last accessed March 2019."
15,Northern Africa,2005,"Seats held by women in national parliament, as of February (%)",,,8.7362,,"Inter-Parliamentary Union (IPU), Geneva, ""Women in National Parliament"" dataset and the Millennium Development Goals Indicators database, last accessed March 2019."
15,Northern Africa,2010,"Seats held by women in national parliament, as of February (%)",,,10.9416,,"Inter-Parliamentary Union (IPU), Geneva, ""Women in National Parliament"" dataset and the Millennium Development Goals Indicators database, last accessed March 2019."
15,Northern Africa,2015,"Seats held by women in national parliament, as of February (%)",,,21.9711,,"Inter-Parliamentary Union (IPU), Geneva, ""Women in National Parliament"" dataset and the Millennium Development Goals Indicators database, last accessed March 2019."
15,Northern Africa,2016,"Seats held by women in national parliament, as of February (%)",,,23.2049,,"Inter-Parliamentary Union (IPU), Geneva, ""Women in National Parliament"" dataset and the Millennium Development Goals Indicators database, last accessed March 2019."
15,Northern Africa,2017,"Seats held by women in national parliament, as of February (%)",,,23.8179,,"Inter-Parliamentary Union (IPU), Geneva, ""Women in National Parliament"" dataset and the Millennium Development Goals Indicators database, last accessed March 2019."
15,Northern Africa,2018,"Seats held by women in national parliament, as of February (%)",,,22.6357,,"Inter-Parliamentary Union (IPU), Geneva, ""Women in National Parliament"" dataset and the Millennium Development Goals Indicators database, last accessed March 2019."
15,Northern Africa,2019,"Seats held by women in national parliament, as of February (%)",,,22.6593,,"Inter-Parliamentary Union (IPU), Geneva, ""Women in National Parliament"" dataset and the Millennium Development Goals Indicators database, last accessed March 2019."
202,Sub-Saharan Africa,2000,"Seats held by women in national parliament, as of February (%)",,,11.5237,,"Inter-Parliamentary Union (IPU), Geneva, ""Women in National Parliament"" dataset and the Millennium Development Goals Indicators database, last accessed March 2019."
202,Sub-Saharan Africa,2005,"Seats held by women in national parliament, as of February (%)",,,14.4434,,"Inter-Parliamentary Union (IPU), Geneva, ""Women in National Parliament"" dataset and the Millennium Development Goals Indicators database, last accessed March 2019."
202,Sub-Saharan Africa,2010,"Seats held by women in national parliament, as of February (%)",,,18.3981,,"Inter-Parliamentary Union (IPU), Geneva, ""Women in National Parliament"" dataset and the Millennium Development Goals Indicators database, last accessed March 2019."
202,Sub-Saharan Africa,2015,"Seats held by women in national parliament, as of February (%)",,,22.6417,,"Inter-Parliamentary Union (IPU), Geneva, ""Women in National Parliament"" dataset and the Millennium Development Goals Indicators database, last accessed March 2019."
202,Sub-Saharan Africa,2016,"Seats held by women in national parliament, as of February (%)",,,23.2714,,"Inter-Parliamentary Union (IPU), Geneva, ""Women in National Parliament"" dataset and the Millennium Development Goals Indicators database, last accessed March 2019."
202,Sub-Saharan Africa,2017,"Seats held by women in national parliament, as of February (%)",,,23.7273,,"Inter-Parliamentary Union (IPU), Geneva, ""Women in National Parliament"" dataset and the Millennium Development Goals Indicators database, last accessed March 2019."
202,Sub-Saharan Africa,2018,"Seats held by women in national parliament, as of February (%)",,,23.6443,,"Inter-Parliamentary Union (IPU), Geneva, ""Women in National Parliament"" dataset and the Millennium Development Goals Indicators database, last accessed March 2019."
202,Sub-Saharan Africa,2019,"Seats held by women in national parliament, as of February (%)",,,23.8813,,"Inter-Parliamentary Union (IPU), Geneva, ""Women in National Parliament"" dataset and the Millennium Development Goals Indicators database, last accessed March 2019."
14,Eastern Africa,2000,"Seats held by women in national parliament, as of February (%)",,,11.8943,,"Inter-Parliamentary Union (IPU), Geneva, ""Women in National Parliament"" dataset and the Millennium Development Goals Indicators database, last accessed March 2019."
14,Eastern Africa,2005,"Seats held by women in national parliament, as of February (%)",,,16.5918,,"Inter-Parliamentary Union (IPU), Geneva, ""Women in National Parliament"" dataset and the Millennium Development Goals Indicators database, last accessed March 2019."
14,Eastern Africa,2010,"Seats held by women in national parliament, as of February (%)",,,21.593,,"Inter-Parliamentary Union (IPU), Geneva, ""Women in National Parliament"" dataset and the Millennium Development Goals Indicators database, last accessed March 2019."
14,Eastern Africa,2015,"Seats held by women in national parliament, as of February (%)",,,27.1855,,"Inter-Parliamentary Union (IPU), Geneva, ""Women in National Parliament"" dataset and the Millennium Development Goals Indicators database, last accessed March 2019."
14,Eastern Africa,2016,"Seats held by women in national parliament, as of February (%)",,,28.8517,,"Inter-Parliamentary Union (IPU), Geneva, ""Women in National Parliament"" dataset and the Millennium Development Goals Indicators database, last accessed March 2019."
14,Eastern Africa,2017,"Seats held by women in national parliament, as of February (%)",,,29.695,,"Inter-Parliamentary Union (IPU), Geneva, ""Women in National Parliament"" dataset and the Millennium Development Goals Indicators database, last accessed March 2019."
14,Eastern Africa,2018,"Seats held by women in national parliament, as of February (%)",,,29.9949,,"Inter-Parliamentary Union (IPU), Geneva, ""Women in National Parliament"" dataset and the Millennium Development Goals Indicators database, last accessed March 2019."
14,Eastern Africa,2019,"Seats held by women in national parliament, as of February (%)",,,30.2232,,"Inter-Parliamentary Union (IPU), Geneva, ""Women in National Parliament"" dataset and the Millennium Development Goals Indicators database, last accessed March 2019."
17,Middle Africa,2000,"Seats held by women in national parliament, as of February (%)",,,8.61,,"Inter-Parliamentary Union (IPU), Geneva, ""Women in National Parliament"" dataset and the Millennium Development Goals Indicators database, last accessed March 2019."
17,Middle Africa,2005,"Seats held by women in national parliament, as of February (%)",,,11.2483,,"Inter-Parliamentary Union (IPU), Geneva, ""Women in National Parliament"" dataset and the Millennium Development Goals Indicators database, last accessed March 2019."
17,Middle Africa,2010,"Seats held by women in national parliament, as of February (%)",,,13.4652,,"Inter-Parliamentary Union (IPU), Geneva, ""Women in National Parliament"" dataset and the Millennium Development Goals Indicators database, last accessed March 2019."
17,Middle Africa,2015,"Seats held by women in national parliament, as of February (%)",,,18.1087,,"Inter-Parliamentary Union (IPU), Geneva, ""Women in National Parliament"" dataset and the Millennium Development Goals Indicators database, last accessed March 2019."
17,Middle Africa,2016,"Seats held by women in national parliament, as of February (%)",,,18.1087,,"Inter-Parliamentary Union (IPU), Geneva, ""Women in National Parliament"" dataset and the Millennium Development Goals Indicators database, last accessed March 2019."
17,Middle Africa,2017,"Seats held by women in national parliament, as of February (%)",,,17.4447,,"Inter-Parliamentary Union (IPU), Geneva, ""Women in National Parliament"" dataset and the Millennium Development Goals Indicators database, last accessed March 2019."
17,Middle Africa,2018,"Seats held by women in national parliament, as of February (%)",,,16.4334,,"Inter-Parliamentary Union (IPU), Geneva, ""Women in National Parliament"" dataset and the Millennium Development Goals Indicators database, last accessed March 2019."
17,Middle Africa,2019,"Seats held by women in national parliament, as of February (%)",,,17.0239,,"Inter-Parliamentary Union (IPU), Geneva, ""Women in National Parliament"" dataset and the Millennium Development Goals Indicators database, last accessed March 2019."
18,Southern Africa,2000,"Seats held by women in national parliament, as of February (%)",,,22.4736,,"Inter-Parliamentary Union (IPU), Geneva, ""Women in National Parliament"" dataset and the Millennium Development Goals Indicators database, last accessed March 2019."
18,Southern Africa,2005,"Seats held by women in national parliament, as of February (%)",,,24.5833,,"Inter-Parliamentary Union (IPU), Geneva, ""Women in National Parliament"" dataset and the Millennium Development Goals Indicators database, last accessed March 2019."
18,Southern Africa,2010,"Seats held by women in national parliament, as of February (%)",,,33.3799,,"Inter-Parliamentary Union (IPU), Geneva, ""Women in National Parliament"" dataset and the Millennium Development Goals Indicators database, last accessed March 2019."
18,Southern Africa,2015,"Seats held by women in national parliament, as of February (%)",,,33.3777,,"Inter-Parliamentary Union (IPU), Geneva, ""Women in National Parliament"" dataset and the Millennium Development Goals Indicators database, last accessed March 2019."
18,Southern Africa,2016,"Seats held by women in national parliament, as of February (%)",,,33.3777,,"Inter-Parliamentary Union (IPU), Geneva, ""Women in National Parliament"" dataset and the Millennium Development Goals Indicators database, last accessed March 2019."
18,Southern Africa,2017,"Seats held by women in national parliament, as of February (%)",,,33.4225,,"Inter-Parliamentary Union (IPU), Geneva, ""Women in National Parliament"" dataset and the Millennium Development Goals Indicators database, last accessed March 2019."
18,Southern Africa,2018,"Seats held by women in national parliament, as of February (%)",,,33.6898,,"Inter-Parliamentary Union (IPU), Geneva, ""Women in National Parliament"" dataset and the Millennium Development Goals Indicators database, last accessed March 2019."
18,Southern Africa,2019,"Seats held by women in national parliament, as of February (%)",,,34.0454,,"Inter-Parliamentary Union (IPU), Geneva, ""Women in National Parliament"" dataset and the Millennium Development Goals Indicators database, last accessed March 2019."
11,Western Africa,2000,"Seats held by women in national parliament, as of February (%)",,,8.1695,,"Inter-Parliamentary Union (IPU), Geneva, ""Women in National Parliament"" dataset and the Millennium Development Goals Indicators database, last accessed March 2019."
11,Western Africa,2005,"Seats held by women in national parliament, as of February (%)",,,10.2011,,"Inter-Parliamentary Union (IPU), Geneva, ""Women in National Parliament"" dataset and the Millennium Development Goals Indicators database, last accessed March 2019."
11,Western Africa,2010,"Seats held by women in national parliament, as of February (%)",,,11.5598,,"Inter-Parliamentary Union (IPU), Geneva, ""Women in National Parliament"" dataset and the Millennium Development Goals Indicators database, last accessed March 2019."
11,Western Africa,2015,"Seats held by women in national parliament, as of February (%)",,,14.4514,,"Inter-Parliamentary Union (IPU), Geneva, ""Women in National Parliament"" dataset and the Millennium Development Goals Indicators database, last accessed March 2019."
11,Western Africa,2016,"Seats held by women in national parliament, as of February (%)",,,13.9535,,"Inter-Parliamentary Union (IPU), Geneva, ""Women in National Parliament"" dataset and the Millennium Development Goals Indicators database, last accessed March 2019."
11,Western Africa,2017,"Seats held by women in national parliament, as of February (%)",,,14.8782,,"Inter-Parliamentary Union (IPU), Geneva, ""Women in National Parliament"" dataset and the Millennium Development Goals Indicators database, last accessed March 2019."
11,Western Africa,2018,"Seats held by women in national parliament, as of February (%)",,,14.8368,,"Inter-Parliamentary Union (IPU), Geneva, ""Women in National Parliament"" dataset and the Millennium Development Goals Indicators database, last accessed March 2019."
11,Western Africa,2019,"Seats held by women in national parliament, as of February (%)",,,14.8055,,"Inter-Parliamentary Union (IPU), Geneva, ""Women in National Parliament"" dataset and the Millennium Development Goals Indicators database, last accessed March 2019."
19,Americas,2000,"Seats held by women in national parliament, as of February (%)",,,15.3545,,"Inter-Parliamentary Union (IPU), Geneva, ""Women in National Parliament"" dataset and the Millennium Development Goals Indicators database, last accessed March 2019."
19,Americas,2005,"Seats held by women in national parliament, as of February (%)",,,18.7783,,"Inter-Parliamentary Union (IPU), Geneva, ""Women in National Parliament"" dataset and the Millennium Development Goals Indicators database, last accessed March 2019."
19,Americas,2010,"Seats held by women in national parliament, as of February (%)",,,22.1413,,"Inter-Parliamentary Union (IPU), Geneva, ""Women in National Parliament"" dataset and the Millennium Development Goals Indicators database, last accessed March 2019."
19,Americas,2015,"Seats held by women in national parliament, as of February (%)",,,26.5413,,"Inter-Parliamentary Union (IPU), Geneva, ""Women in National Parliament"" dataset and the Millennium Development Goals Indicators database, last accessed March 2019."
19,Americas,2016,"Seats held by women in national parliament, as of February (%)",,,27.2837,,"Inter-Parliamentary Union (IPU), Geneva, ""Women in National Parliament"" dataset and the Millennium Development Goals Indicators database, last accessed March 2019."
19,Americas,2017,"Seats held by women in national parliament, as of February (%)",,,28.3041,,"Inter-Parliamentary Union (IPU), Geneva, ""Women in National Parliament"" dataset and the Millennium Development Goals Indicators database, last accessed March 2019."
19,Americas,2018,"Seats held by women in national parliament, as of February (%)",,,28.4666,,"Inter-Parliamentary Union (IPU), Geneva, ""Women in National Parliament"" dataset and the Millennium Development Goals Indicators database, last accessed March 2019."
19,Americas,2019,"Seats held by women in national parliament, as of February (%)",,,30.5896,,"Inter-Parliamentary Union (IPU), Geneva, ""Women in National Parliament"" dataset and the Millennium Development Goals Indicators database, last accessed March 2019."
21,Northern America,2000,"Seats held by women in national parliament, as of February (%)",,,16.3043,,"Inter-Parliamentary Union (IPU), Geneva, ""Women in National Parliament"" dataset and the Millennium Development Goals Indicators database, last accessed March 2019."
21,Northern America,2005,"Seats held by women in national parliament, as of February (%)",,,17.4966,,"Inter-Parliamentary Union (IPU), Geneva, ""Women in National Parliament"" dataset and the Millennium Development Goals Indicators database, last accessed March 2019."
21,Northern America,2010,"Seats held by women in national parliament, as of February (%)",,,18.9771,,"Inter-Parliamentary Union (IPU), Geneva, ""Women in National Parliament"" dataset and the Millennium Development Goals Indicators database, last accessed March 2019."
21,Northern America,2015,"Seats held by women in national parliament, as of February (%)",,,21.7568,,"Inter-Parliamentary Union (IPU), Geneva, ""Women in National Parliament"" dataset and the Millennium Development Goals Indicators database, last accessed March 2019."
21,Northern America,2016,"Seats held by women in national parliament, as of February (%)",,,22.2798,,"Inter-Parliamentary Union (IPU), Geneva, ""Women in National Parliament"" dataset and the Millennium Development Goals Indicators database, last accessed March 2019."
21,Northern America,2017,"Seats held by women in national parliament, as of February (%)",,,22.2078,,"Inter-Parliamentary Union (IPU), Geneva, ""Women in National Parliament"" dataset and the Millennium Development Goals Indicators database, last accessed March 2019."
21,Northern America,2018,"Seats held by women in national parliament, as of February (%)",,,22.7865,,"Inter-Parliamentary Union (IPU), Geneva, ""Women in National Parliament"" dataset and the Millennium Development Goals Indicators database, last accessed March 2019."
21,Northern America,2019,"Seats held by women in national parliament, as of February (%)",,,25.0326,,"Inter-Parliamentary Union (IPU), Geneva, ""Women in National Parliament"" dataset and the Millennium Development Goals Indicators database, last accessed March 2019."
419,Latin America & the Caribbean,2000,"Seats held by women in national parliament, as of February (%)",,,15.1846,,"Inter-Parliamentary Union (IPU), Geneva, ""Women in National Parliament"" dataset and the Millennium Development Goals Indicators database, last accessed March 2019."
419,Latin America & the Caribbean,2005,"Seats held by women in national parliament, as of February (%)",,,19.0095,,"Inter-Parliamentary Union (IPU), Geneva, ""Women in National Parliament"" dataset and the Millennium Development Goals Indicators database, last accessed March 2019."
419,Latin America & the Caribbean,2010,"Seats held by women in national parliament, as of February (%)",,,22.7013,,"Inter-Parliamentary Union (IPU), Geneva, ""Women in National Parliament"" dataset and the Millennium Development Goals Indicators database, last accessed March 2019."
419,Latin America & the Caribbean,2015,"Seats held by women in national parliament, as of February (%)",,,27.3829,,"Inter-Parliamentary Union (IPU), Geneva, ""Women in National Parliament"" dataset and the Millennium Development Goals Indicators database, last accessed March 2019."
419,Latin America & the Caribbean,2016,"Seats held by women in national parliament, as of February (%)",,,28.1991,,"Inter-Parliamentary Union (IPU), Geneva, ""Women in National Parliament"" dataset and the Millennium Development Goals Indicators database, last accessed March 2019."
419,Latin America & the Caribbean,2017,"Seats held by women in national parliament, as of February (%)",,,29.4076,,"Inter-Parliamentary Union (IPU), Geneva, ""Women in National Parliament"" dataset and the Millennium Development Goals Indicators database, last accessed March 2019."
419,Latin America & the Caribbean,2018,"Seats held by women in national parliament, as of February (%)",,,29.5213,,"Inter-Parliamentary Union (IPU), Geneva, ""Women in National Parliament"" dataset and the Millennium Development Goals Indicators database, last accessed March 2019."
419,Latin America & the Caribbean,2019,"Seats held by women in national parliament, as of February (%)",,,31.5839,,"Inter-Parliamentary Union (IPU), Geneva, ""Women in National Parliament"" dataset and the Millennium Development Goals Indicators database, last accessed March 2019."
29,Caribbean,2000,"Seats held by women in national parliament, as of February (%)",,,20.5909,,"Inter-Parliamentary Union (IPU), Geneva, ""Women in National Parliament"" dataset and the Millennium Development Goals Indicators database, last accessed March 2019."
29,Caribbean,2005,"Seats held by women in national parliament, as of February (%)",,,25.9752,,"Inter-Parliamentary Union (IPU), Geneva, ""Women in National Parliament"" dataset and the Millennium Development Goals Indicators database, last accessed March 2019."
29,Caribbean,2010,"Seats held by women in national parliament, as of February (%)",,,29.4068,,"Inter-Parliamentary Union (IPU), Geneva, ""Women in National Parliament"" dataset and the Millennium Development Goals Indicators database, last accessed March 2019."
29,Caribbean,2015,"Seats held by women in national parliament, as of February (%)",,,33.1081,,"Inter-Parliamentary Union (IPU), Geneva, ""Women in National Parliament"" dataset and the Millennium Development Goals Indicators database, last accessed March 2019."
29,Caribbean,2016,"Seats held by women in national parliament, as of February (%)",,,33.0229,,"Inter-Parliamentary Union (IPU), Geneva, ""Women in National Parliament"" dataset and the Millennium Development Goals Indicators database, last accessed March 2019."
29,Caribbean,2017,"Seats held by women in national parliament, as of February (%)",,,33.8005,,"Inter-Parliamentary Union (IPU), Geneva, ""Women in National Parliament"" dataset and the Millennium Development Goals Indicators database, last accessed March 2019."
29,Caribbean,2018,"Seats held by women in national parliament, as of February (%)",,,33.7449,,"Inter-Parliamentary Union (IPU), Geneva, ""Women in National Parliament"" dataset and the Millennium Development Goals Indicators database, last accessed March 2019."
29,Caribbean,2019,"Seats held by women in national parliament, as of February (%)",,,36.0927,,"Inter-Parliamentary Union (IPU), Geneva, ""Women in National Parliament"" dataset and the Millennium Development Goals Indicators database, last accessed March 2019."
13,Central America,2000,"Seats held by women in national parliament, as of February (%)",,,14.3123,,"Inter-Parliamentary Union (IPU), Geneva, ""Women in National Parliament"" dataset and the Millennium Development Goals Indicators database, last accessed March 2019."
13,Central America,2005,"Seats held by women in national parliament, as of February (%)",,,17.3913,,"Inter-Parliamentary Union (IPU), Geneva, ""Women in National Parliament"" dataset and the Millennium Development Goals Indicators database, last accessed March 2019."
13,Central America,2010,"Seats held by women in national parliament, as of February (%)",,,21.5686,,"Inter-Parliamentary Union (IPU), Geneva, ""Women in National Parliament"" dataset and the Millennium Development Goals Indicators database, last accessed March 2019."
13,Central America,2015,"Seats held by women in national parliament, as of February (%)",,,30.1444,,"Inter-Parliamentary Union (IPU), Geneva, ""Women in National Parliament"" dataset and the Millennium Development Goals Indicators database, last accessed March 2019."
13,Central America,2016,"Seats held by women in national parliament, as of February (%)",,,32.5,,"Inter-Parliamentary Union (IPU), Geneva, ""Women in National Parliament"" dataset and the Millennium Development Goals Indicators database, last accessed March 2019."
13,Central America,2017,"Seats held by women in national parliament, as of February (%)",,,33.066,,"Inter-Parliamentary Union (IPU), Geneva, ""Women in National Parliament"" dataset and the Millennium Development Goals Indicators database, last accessed March 2019."
13,Central America,2018,"Seats held by women in national parliament, as of February (%)",,,32.5312,,"Inter-Parliamentary Union (IPU), Geneva, ""Women in National Parliament"" dataset and the Millennium Development Goals Indicators database, last accessed March 2019."
13,Central America,2019,"Seats held by women in national parliament, as of February (%)",,,36.2745,,"Inter-Parliamentary Union (IPU), Geneva, ""Women in National Parliament"" dataset and the Millennium Development Goals Indicators database, last accessed March 2019."
5,South America,2000,"Seats held by women in national parliament, as of February (%)",,,12.5325,,"Inter-Parliamentary Union (IPU), Geneva, ""Women in National Parliament"" dataset and the Millennium Development Goals Indicators database, last accessed March 2019."
5,South America,2005,"Seats held by women in national parliament, as of February (%)",,,15.7725,,"Inter-Parliamentary Union (IPU), Geneva, ""Women in National Parliament"" dataset and the Millennium Development Goals Indicators database, last accessed March 2019."
5,South America,2010,"Seats held by women in national parliament, as of February (%)",,,19.1983,,"Inter-Parliamentary Union (IPU), Geneva, ""Women in National Parliament"" dataset and the Millennium Development Goals Indicators database, last accessed March 2019."
5,South America,2015,"Seats held by women in national parliament, as of February (%)",,,22.2454,,"Inter-Parliamentary Union (IPU), Geneva, ""Women in National Parliament"" dataset and the Millennium Development Goals Indicators database, last accessed March 2019."
5,South America,2016,"Seats held by women in national parliament, as of February (%)",,,22.7202,,"Inter-Parliamentary Union (IPU), Geneva, ""Women in National Parliament"" dataset and the Millennium Development Goals Indicators database, last accessed March 2019."
5,South America,2017,"Seats held by women in national parliament, as of February (%)",,,24.4919,,"Inter-Parliamentary Union (IPU), Geneva, ""Women in National Parliament"" dataset and the Millennium Development Goals Indicators database, last accessed March 2019."
5,South America,2018,"Seats held by women in national parliament, as of February (%)",,,24.7916,,"Inter-Parliamentary Union (IPU), Geneva, ""Women in National Parliament"" dataset and the Millennium Development Goals Indicators database, last accessed March 2019."
5,South America,2019,"Seats held by women in national parliament, as of February (%)",,,26.1114,,"Inter-Parliamentary Union (IPU), Geneva, ""Women in National Parliament"" dataset and the Millennium Development Goals Indicators database, last accessed March 2019."
142,Asia,2000,"Seats held by women in national parliament, as of February (%)",,,12.0766,,"Inter-Parliamentary Union (IPU), Geneva, ""Women in National Parliament"" dataset and the Millennium Development Goals Indicators database, last accessed March 2019."
142,Asia,2005,"Seats held by women in national parliament, as of February (%)",,,13.3688,,"Inter-Parliamentary Union (IPU), Geneva, ""Women in National Parliament"" dataset and the Millennium Development Goals Indicators database, last accessed March 2019."
142,Asia,2010,"Seats held by women in national parliament, as of February (%)",,,16.8335,,"Inter-Parliamentary Union (IPU), Geneva, ""Women in National Parliament"" dataset and the Millennium Development Goals Indicators database, last accessed March 2019."
142,Asia,2015,"Seats held by women in national parliament, as of February (%)",,,17.8047,,"Inter-Parliamentary Union (IPU), Geneva, ""Women in National Parliament"" dataset and the Millennium Development Goals Indicators database, last accessed March 2019."
142,Asia,2016,"Seats held by women in national parliament, as of February (%)",,,17.9493,,"Inter-Parliamentary Union (IPU), Geneva, ""Women in National Parliament"" dataset and the Millennium Development Goals Indicators database, last accessed March 2019."
142,Asia,2017,"Seats held by women in national parliament, as of February (%)",,,18.4092,,"Inter-Parliamentary Union (IPU), Geneva, ""Women in National Parliament"" dataset and the Millennium Development Goals Indicators database, last accessed March 2019."
142,Asia,2018,"Seats held by women in national parliament, as of February (%)",,,17.9048,,"Inter-Parliamentary Union (IPU), Geneva, ""Women in National Parliament"" dataset and the Millennium Development Goals Indicators database, last accessed March 2019."
142,Asia,2019,"Seats held by women in national parliament, as of February (%)",,,18.7629,,"Inter-Parliamentary Union (IPU), Geneva, ""Women in National Parliament"" dataset and the Millennium Development Goals Indicators database, last accessed March 2019."
143,Central Asia,2000,"Seats held by women in national parliament, as of February (%)",,,7.0064,,"Inter-Parliamentary Union (IPU), Geneva, ""Women in National Parliament"" dataset and the Millennium Development Goals Indicators database, last accessed March 2019."
143,Central Asia,2005,"Seats held by women in national parliament, as of February (%)",,,13.4375,,"Inter-Parliamentary Union (IPU), Geneva, ""Women in National Parliament"" dataset and the Millennium Development Goals Indicators database, last accessed March 2019."
143,Central Asia,2010,"Seats held by women in national parliament, as of February (%)",,,20,,"Inter-Parliamentary Union (IPU), Geneva, ""Women in National Parliament"" dataset and the Millennium Development Goals Indicators database, last accessed March 2019."
143,Central Asia,2015,"Seats held by women in national parliament, as of February (%)",,,21.7857,,"Inter-Parliamentary Union (IPU), Geneva, ""Women in National Parliament"" dataset and the Millennium Development Goals Indicators database, last accessed March 2019."
143,Central Asia,2016,"Seats held by women in national parliament, as of February (%)",,,21.0993,,"Inter-Parliamentary Union (IPU), Geneva, ""Women in National Parliament"" dataset and the Millennium Development Goals Indicators database, last accessed March 2019."
143,Central Asia,2017,"Seats held by women in national parliament, as of February (%)",,,21.2766,,"Inter-Parliamentary Union (IPU), Geneva, ""Women in National Parliament"" dataset and the Millennium Development Goals Indicators database, last accessed March 2019."
143,Central Asia,2018,"Seats held by women in national parliament, as of February (%)",,,21.2766,,"Inter-Parliamentary Union (IPU), Geneva, ""Women in National Parliament"" dataset and the Millennium Development Goals Indicators database, last accessed March 2019."
143,Central Asia,2019,"Seats held by women in national parliament, as of February (%)",,,21.0993,,"Inter-Parliamentary Union (IPU), Geneva, ""Women in National Parliament"" dataset and the Millennium Development Goals Indicators database, last accessed March 2019."
30,Eastern Asia,2000,"Seats held by women in national parliament, as of February (%)",,,18.2339,,"Inter-Parliamentary Union (IPU), Geneva, ""Women in National Parliament"" dataset and the Millennium Development Goals Indicators database, last accessed March 2019."
30,Eastern Asia,2005,"Seats held by women in national parliament, as of February (%)",,,18.1215,,"Inter-Parliamentary Union (IPU), Geneva, ""Women in National Parliament"" dataset and the Millennium Development Goals Indicators database, last accessed March 2019."
30,Eastern Asia,2010,"Seats held by women in national parliament, as of February (%)",,,18.6575,,"Inter-Parliamentary Union (IPU), Geneva, ""Women in National Parliament"" dataset and the Millennium Development Goals Indicators database, last accessed March 2019."
30,Eastern Asia,2015,"Seats held by women in national parliament, as of February (%)",,,20.3782,,"Inter-Parliamentary Union (IPU), Geneva, ""Women in National Parliament"" dataset and the Millennium Development Goals Indicators database, last accessed March 2019."
30,Eastern Asia,2016,"Seats held by women in national parliament, as of February (%)",,,20.3691,,"Inter-Parliamentary Union (IPU), Geneva, ""Women in National Parliament"" dataset and the Millennium Development Goals Indicators database, last accessed March 2019."
30,Eastern Asia,2017,"Seats held by women in national parliament, as of February (%)",,,20.4814,,"Inter-Parliamentary Union (IPU), Geneva, ""Women in National Parliament"" dataset and the Millennium Development Goals Indicators database, last accessed March 2019."
30,Eastern Asia,2018,"Seats held by women in national parliament, as of February (%)",,,20.9344,,"Inter-Parliamentary Union (IPU), Geneva, ""Women in National Parliament"" dataset and the Millennium Development Goals Indicators database, last accessed March 2019."
30,Eastern Asia,2019,"Seats held by women in national parliament, as of February (%)",,,21.4492,,"Inter-Parliamentary Union (IPU), Geneva, ""Women in National Parliament"" dataset and the Millennium Development Goals Indicators database, last accessed March 2019."
35,South-eastern Asia,2000,"Seats held by women in national parliament, as of February (%)",,,12.3367,,"Inter-Parliamentary Union (IPU), Geneva, ""Women in National Parliament"" dataset and the Millennium Development Goals Indicators database, last accessed March 2019."
35,South-eastern Asia,2005,"Seats held by women in national parliament, as of February (%)",,,15.534,,"Inter-Parliamentary Union (IPU), Geneva, ""Women in National Parliament"" dataset and the Millennium Development Goals Indicators database, last accessed March 2019."
35,South-eastern Asia,2010,"Seats held by women in national parliament, as of February (%)",,,19.2786,,"Inter-Parliamentary Union (IPU), Geneva, ""Women in National Parliament"" dataset and the Millennium Development Goals Indicators database, last accessed March 2019."
35,South-eastern Asia,2015,"Seats held by women in national parliament, as of February (%)",,,17.8393,,"Inter-Parliamentary Union (IPU), Geneva, ""Women in National Parliament"" dataset and the Millennium Development Goals Indicators database, last accessed March 2019."
35,South-eastern Asia,2016,"Seats held by women in national parliament, as of February (%)",,,18.3039,,"Inter-Parliamentary Union (IPU), Geneva, ""Women in National Parliament"" dataset and the Millennium Development Goals Indicators database, last accessed March 2019."
35,South-eastern Asia,2017,"Seats held by women in national parliament, as of February (%)",,,19.3453,,"Inter-Parliamentary Union (IPU), Geneva, ""Women in National Parliament"" dataset and the Millennium Development Goals Indicators database, last accessed March 2019."
35,South-eastern Asia,2018,"Seats held by women in national parliament, as of February (%)",,,19.1474,,"Inter-Parliamentary Union (IPU), Geneva, ""Women in National Parliament"" dataset and the Millennium Development Goals Indicators database, last accessed March 2019."
35,South-eastern Asia,2019,"Seats held by women in national parliament, as of February (%)",,,19.6093,,"Inter-Parliamentary Union (IPU), Geneva, ""Women in National Parliament"" dataset and the Millennium Development Goals Indicators database, last accessed March 2019."
34,Southern Asia,2000,"Seats held by women in national parliament, as of February (%)",,,6.84,,"Inter-Parliamentary Union (IPU), Geneva, ""Women in National Parliament"" dataset and the Millennium Development Goals Indicators database, last accessed March 2019."
34,Southern Asia,2005,"Seats held by women in national parliament, as of February (%)",,,8.7895,,"Inter-Parliamentary Union (IPU), Geneva, ""Women in National Parliament"" dataset and the Millennium Development Goals Indicators database, last accessed March 2019."
34,Southern Asia,2010,"Seats held by women in national parliament, as of February (%)",,,18.2019,,"Inter-Parliamentary Union (IPU), Geneva, ""Women in National Parliament"" dataset and the Millennium Development Goals Indicators database, last accessed March 2019."
34,Southern Asia,2015,"Seats held by women in national parliament, as of February (%)",,,17.6449,,"Inter-Parliamentary Union (IPU), Geneva, ""Women in National Parliament"" dataset and the Millennium Development Goals Indicators database, last accessed March 2019."
34,Southern Asia,2016,"Seats held by women in national parliament, as of February (%)",,,17.6686,,"Inter-Parliamentary Union (IPU), Geneva, ""Women in National Parliament"" dataset and the Millennium Development Goals Indicators database, last accessed March 2019."
34,Southern Asia,2017,"Seats held by women in national parliament, as of February (%)",,,17.9647,,"Inter-Parliamentary Union (IPU), Geneva, ""Women in National Parliament"" dataset and the Millennium Development Goals Indicators database, last accessed March 2019."
34,Southern Asia,2018,"Seats held by women in national parliament, as of February (%)",,,13.918,,"Inter-Parliamentary Union (IPU), Geneva, ""Women in National Parliament"" dataset and the Millennium Development Goals Indicators database, last accessed March 2019."
34,Southern Asia,2019,"Seats held by women in national parliament, as of February (%)",,,15.7919,,"Inter-Parliamentary Union (IPU), Geneva, ""Women in National Parliament"" dataset and the Millennium Development Goals Indicators database, last accessed March 2019."
145,Western Asia,2000,"Seats held by women in national parliament, as of February (%)",,,5.1909,,"Inter-Parliamentary Union (IPU), Geneva, ""Women in National Parliament"" dataset and the Millennium Development Goals Indicators database, last accessed March 2019."
145,Western Asia,2005,"Seats held by women in national parliament, as of February (%)",,,5.7374,,"Inter-Parliamentary Union (IPU), Geneva, ""Women in National Parliament"" dataset and the Millennium Development Goals Indicators database, last accessed March 2019."
145,Western Asia,2010,"Seats held by women in national parliament, as of February (%)",,,9.2907,,"Inter-Parliamentary Union (IPU), Geneva, ""Women in National Parliament"" dataset and the Millennium Development Goals Indicators database, last accessed March 2019."
145,Western Asia,2015,"Seats held by women in national parliament, as of February (%)",,,12.8196,,"Inter-Parliamentary Union (IPU), Geneva, ""Women in National Parliament"" dataset and the Millennium Development Goals Indicators database, last accessed March 2019."
145,Western Asia,2016,"Seats held by women in national parliament, as of February (%)",,,13.2075,,"Inter-Parliamentary Union (IPU), Geneva, ""Women in National Parliament"" dataset and the Millennium Development Goals Indicators database, last accessed March 2019."
145,Western Asia,2017,"Seats held by women in national parliament, as of February (%)",,,13.8022,,"Inter-Parliamentary Union (IPU), Geneva, ""Women in National Parliament"" dataset and the Millennium Development Goals Indicators database, last accessed March 2019."
145,Western Asia,2018,"Seats held by women in national parliament, as of February (%)",,,14.2532,,"Inter-Parliamentary Union (IPU), Geneva, ""Women in National Parliament"" dataset and the Millennium Development Goals Indicators database, last accessed March 2019."
145,Western Asia,2019,"Seats held by women in national parliament, as of February (%)",,,15.3367,,"Inter-Parliamentary Union (IPU), Geneva, ""Women in National Parliament"" dataset and the Millennium Development Goals Indicators database, last accessed March 2019."
150,Europe,2000,"Seats held by women in national parliament, as of February (%)",,,16.7859,,"Inter-Parliamentary Union (IPU), Geneva, ""Women in National Parliament"" dataset and the Millennium Development Goals Indicators database, last accessed March 2019."
150,Europe,2005,"Seats held by women in national parliament, as of February (%)",,,20.4998,,"Inter-Parliamentary Union (IPU), Geneva, ""Women in National Parliament"" dataset and the Millennium Development Goals Indicators database, last accessed March 2019."
150,Europe,2010,"Seats held by women in national parliament, as of February (%)",,,23.2497,,"Inter-Parliamentary Union (IPU), Geneva, ""Women in National Parliament"" dataset and the Millennium Development Goals Indicators database, last accessed March 2019."
150,Europe,2015,"Seats held by women in national parliament, as of February (%)",,,26.7163,,"Inter-Parliamentary Union (IPU), Geneva, ""Women in National Parliament"" dataset and the Millennium Development Goals Indicators database, last accessed March 2019."
150,Europe,2016,"Seats held by women in national parliament, as of February (%)",,,27.1527,,"Inter-Parliamentary Union (IPU), Geneva, ""Women in National Parliament"" dataset and the Millennium Development Goals Indicators database, last accessed March 2019."
150,Europe,2017,"Seats held by women in national parliament, as of February (%)",,,28.0193,,"Inter-Parliamentary Union (IPU), Geneva, ""Women in National Parliament"" dataset and the Millennium Development Goals Indicators database, last accessed March 2019."
150,Europe,2018,"Seats held by women in national parliament, as of February (%)",,,28.8742,,"Inter-Parliamentary Union (IPU), Geneva, ""Women in National Parliament"" dataset and the Millennium Development Goals Indicators database, last accessed March 2019."
150,Europe,2019,"Seats held by women in national parliament, as of February (%)",,,29.7997,,"Inter-Parliamentary Union (IPU), Geneva, ""Women in National Parliament"" dataset and the Millennium Development Goals Indicators database, last accessed March 2019."
151,Eastern Europe,2000,"Seats held by women in national parliament, as of February (%)",,,9.5453,,"Inter-Parliamentary Union (IPU), Geneva, ""Women in National Parliament"" dataset and the Millennium Development Goals Indicators database, last accessed March 2019."
151,Eastern Europe,2005,"Seats held by women in national parliament, as of February (%)",,,14.0571,,"Inter-Parliamentary Union (IPU), Geneva, ""Women in National Parliament"" dataset and the Millennium Development Goals Indicators database, last accessed March 2019."
151,Eastern Europe,2010,"Seats held by women in national parliament, as of February (%)",,,15.2378,,"Inter-Parliamentary Union (IPU), Geneva, ""Women in National Parliament"" dataset and the Millennium Development Goals Indicators database, last accessed March 2019."
151,Eastern Europe,2015,"Seats held by women in national parliament, as of February (%)",,,16.9473,,"Inter-Parliamentary Union (IPU), Geneva, ""Women in National Parliament"" dataset and the Millennium Development Goals Indicators database, last accessed March 2019."
151,Eastern Europe,2016,"Seats held by women in national parliament, as of February (%)",,,17.6428,,"Inter-Parliamentary Union (IPU), Geneva, ""Women in National Parliament"" dataset and the Millennium Development Goals Indicators database, last accessed March 2019."
151,Eastern Europe,2017,"Seats held by women in national parliament, as of February (%)",,,19.4215,,"Inter-Parliamentary Union (IPU), Geneva, ""Women in National Parliament"" dataset and the Millennium Development Goals Indicators database, last accessed March 2019."
151,Eastern Europe,2018,"Seats held by women in national parliament, as of February (%)",,,19.985,,"Inter-Parliamentary Union (IPU), Geneva, ""Women in National Parliament"" dataset and the Millennium Development Goals Indicators database, last accessed March 2019."
151,Eastern Europe,2019,"Seats held by women in national parliament, as of February (%)",,,20.4733,,"Inter-Parliamentary Union (IPU), Geneva, ""Women in National Parliament"" dataset and the Millennium Development Goals Indicators database, last accessed March 2019."
154,Northern Europe,2000,"Seats held by women in national parliament, as of February (%)",,,26.9939,,"Inter-Parliamentary Union (IPU), Geneva, ""Women in National Parliament"" dataset and the Millennium Development Goals Indicators database, last accessed March 2019."
154,Northern Europe,2005,"Seats held by women in national parliament, as of February (%)",,,28.0264,,"Inter-Parliamentary Union (IPU), Geneva, ""Women in National Parliament"" dataset and the Millennium Development Goals Indicators database, last accessed March 2019."
154,Northern Europe,2010,"Seats held by women in national parliament, as of February (%)",,,29.5788,,"Inter-Parliamentary Union (IPU), Geneva, ""Women in National Parliament"" dataset and the Millennium Development Goals Indicators database, last accessed March 2019."
154,Northern Europe,2015,"Seats held by women in national parliament, as of February (%)",,,30.406,,"Inter-Parliamentary Union (IPU), Geneva, ""Women in National Parliament"" dataset and the Millennium Development Goals Indicators database, last accessed March 2019."
154,Northern Europe,2016,"Seats held by women in national parliament, as of February (%)",,,32.4835,,"Inter-Parliamentary Union (IPU), Geneva, ""Women in National Parliament"" dataset and the Millennium Development Goals Indicators database, last accessed March 2019."
154,Northern Europe,2017,"Seats held by women in national parliament, as of February (%)",,,33.3175,,"Inter-Parliamentary Union (IPU), Geneva, ""Women in National Parliament"" dataset and the Millennium Development Goals Indicators database, last accessed March 2019."
154,Northern Europe,2018,"Seats held by women in national parliament, as of February (%)",,,33.7915,,"Inter-Parliamentary Union (IPU), Geneva, ""Women in National Parliament"" dataset and the Millennium Development Goals Indicators database, last accessed March 2019."
154,Northern Europe,2019,"Seats held by women in national parliament, as of February (%)",,,35.1185,,"Inter-Parliamentary Union (IPU), Geneva, ""Women in National Parliament"" dataset and the Millennium Development Goals Indicators database, last accessed March 2019."
39,Southern Europe,2000,"Seats held by women in national parliament, as of February (%)",,,11.0159,,"Inter-Parliamentary Union (IPU), Geneva, ""Women in National Parliament"" dataset and the Millennium Development Goals Indicators database, last accessed March 2019."
39,Southern Europe,2005,"Seats held by women in national parliament, as of February (%)",,,17.0763,,"Inter-Parliamentary Union (IPU), Geneva, ""Women in National Parliament"" dataset and the Millennium Development Goals Indicators database, last accessed March 2019."
39,Southern Europe,2010,"Seats held by women in national parliament, as of February (%)",,,23.0043,,"Inter-Parliamentary Union (IPU), Geneva, ""Women in National Parliament"" dataset and the Millennium Development Goals Indicators database, last accessed March 2019."
39,Southern Europe,2015,"Seats held by women in national parliament, as of February (%)",,,29.9804,,"Inter-Parliamentary Union (IPU), Geneva, ""Women in National Parliament"" dataset and the Millennium Development Goals Indicators database, last accessed March 2019."
39,Southern Europe,2016,"Seats held by women in national parliament, as of February (%)",,,28.998,,"Inter-Parliamentary Union (IPU), Geneva, ""Women in National Parliament"" dataset and the Millennium Development Goals Indicators database, last accessed March 2019."
39,Southern Europe,2017,"Seats held by women in national parliament, as of February (%)",,,29.4025,,"Inter-Parliamentary Union (IPU), Geneva, ""Women in National Parliament"" dataset and the Millennium Development Goals Indicators database, last accessed March 2019."
39,Southern Europe,2018,"Seats held by women in national parliament, as of February (%)",,,29.8937,,"Inter-Parliamentary Union (IPU), Geneva, ""Women in National Parliament"" dataset and the Millennium Development Goals Indicators database, last accessed March 2019."
39,Southern Europe,2019,"Seats held by women in national parliament, as of February (%)",,,31.5457,,"Inter-Parliamentary Union (IPU), Geneva, ""Women in National Parliament"" dataset and the Millennium Development Goals Indicators database, last accessed March 2019."
155,Western Europe,2000,"Seats held by women in national parliament, as of February (%)",,,23.0315,,"Inter-Parliamentary Union (IPU), Geneva, ""Women in National Parliament"" dataset and the Millennium Development Goals Indicators database, last accessed March 2019."
155,Western Europe,2005,"Seats held by women in national parliament, as of February (%)",,,25.8261,,"Inter-Parliamentary Union (IPU), Geneva, ""Women in National Parliament"" dataset and the Millennium Development Goals Indicators database, last accessed March 2019."
155,Western Europe,2010,"Seats held by women in national parliament, as of February (%)",,,28.4422,,"Inter-Parliamentary Union (IPU), Geneva, ""Women in National Parliament"" dataset and the Millennium Development Goals Indicators database, last accessed March 2019."
155,Western Europe,2015,"Seats held by women in national parliament, as of February (%)",,,32,,"Inter-Parliamentary Union (IPU), Geneva, ""Women in National Parliament"" dataset and the Millennium Development Goals Indicators database, last accessed March 2019."
155,Western Europe,2016,"Seats held by women in national parliament, as of February (%)",,,32.15,,"Inter-Parliamentary Union (IPU), Geneva, ""Women in National Parliament"" dataset and the Millennium Development Goals Indicators database, last accessed March 2019."
155,Western Europe,2017,"Seats held by women in national parliament, as of February (%)",,,32.1161,,"Inter-Parliamentary Union (IPU), Geneva, ""Women in National Parliament"" dataset and the Millennium Development Goals Indicators database, last accessed March 2019."
155,Western Europe,2018,"Seats held by women in national parliament, as of February (%)",,,34.0231,,"Inter-Parliamentary Union (IPU), Geneva, ""Women in National Parliament"" dataset and the Millennium Development Goals Indicators database, last accessed March 2019."
155,Western Europe,2019,"Seats held by women in national parliament, as of February (%)",,,34.2156,,"Inter-Parliamentary Union (IPU), Geneva, ""Women in National Parliament"" dataset and the Millennium Development Goals Indicators database, last accessed March 2019."
9,Oceania,2000,"Seats held by women in national parliament, as of February (%)",,,11.3009,,"Inter-Parliamentary Union (IPU), Geneva, ""Women in National Parliament"" dataset and the Millennium Development Goals Indicators database, last accessed March 2019."
9,Oceania,2005,"Seats held by women in national parliament, as of February (%)",,,11.1834,,"Inter-Parliamentary Union (IPU), Geneva, ""Women in National Parliament"" dataset and the Millennium Development Goals Indicators database, last accessed March 2019."
9,Oceania,2010,"Seats held by women in national parliament, as of February (%)",,,13.1728,,"Inter-Parliamentary Union (IPU), Geneva, ""Women in National Parliament"" dataset and the Millennium Development Goals Indicators database, last accessed March 2019."
9,Oceania,2015,"Seats held by women in national parliament, as of February (%)",,,13.1649,,"Inter-Parliamentary Union (IPU), Geneva, ""Women in National Parliament"" dataset and the Millennium Development Goals Indicators database, last accessed March 2019."
9,Oceania,2016,"Seats held by women in national parliament, as of February (%)",,,13.4309,,"Inter-Parliamentary Union (IPU), Geneva, ""Women in National Parliament"" dataset and the Millennium Development Goals Indicators database, last accessed March 2019."
9,Oceania,2017,"Seats held by women in national parliament, as of February (%)",,,15.0266,,"Inter-Parliamentary Union (IPU), Geneva, ""Women in National Parliament"" dataset and the Millennium Development Goals Indicators database, last accessed March 2019."
9,Oceania,2018,"Seats held by women in national parliament, as of February (%)",,,15.508,,"Inter-Parliamentary Union (IPU), Geneva, ""Women in National Parliament"" dataset and the Millennium Development Goals Indicators database, last accessed March 2019."
9,Oceania,2019,"Seats held by women in national parliament, as of February (%)",,,16.3102,,"Inter-Parliamentary Union (IPU), Geneva, ""Women in National Parliament"" dataset and the Millennium Development Goals Indicators database, last accessed March 2019."
53,Australia and New Zealand,2000,"Seats held by women in national parliament, as of February (%)",,,25.4682,,"Inter-Parliamentary Union (IPU), Geneva, ""Women in National Parliament"" dataset and the Millennium Development Goals Indicators database, last accessed March 2019."
53,Australia and New Zealand,2005,"Seats held by women in national parliament, as of February (%)",,,26.2963,,"Inter-Parliamentary Union (IPU), Geneva, ""Women in National Parliament"" dataset and the Millennium Development Goals Indicators database, last accessed March 2019."
53,Australia and New Zealand,2010,"Seats held by women in national parliament, as of February (%)",,,30.1471,,"Inter-Parliamentary Union (IPU), Geneva, ""Women in National Parliament"" dataset and the Millennium Development Goals Indicators database, last accessed March 2019."
53,Australia and New Zealand,2015,"Seats held by women in national parliament, as of February (%)",,,28.7823,,"Inter-Parliamentary Union (IPU), Geneva, ""Women in National Parliament"" dataset and the Millennium Development Goals Indicators database, last accessed March 2019."
53,Australia and New Zealand,2016,"Seats held by women in national parliament, as of February (%)",,,28.7823,,"Inter-Parliamentary Union (IPU), Geneva, ""Women in National Parliament"" dataset and the Millennium Development Goals Indicators database, last accessed March 2019."
53,Australia and New Zealand,2017,"Seats held by women in national parliament, as of February (%)",,,31.1111,,"Inter-Parliamentary Union (IPU), Geneva, ""Women in National Parliament"" dataset and the Millennium Development Goals Indicators database, last accessed March 2019."
53,Australia and New Zealand,2018,"Seats held by women in national parliament, as of February (%)",,,32.963,,"Inter-Parliamentary Union (IPU), Geneva, ""Women in National Parliament"" dataset and the Millennium Development Goals Indicators database, last accessed March 2019."
53,Australia and New Zealand,2019,"Seats held by women in national parliament, as of February (%)",,,34.4444,,"Inter-Parliamentary Union (IPU), Geneva, ""Women in National Parliament"" dataset and the Millennium Development Goals Indicators database, last accessed March 2019."
54,Melanesia,2000,"Seats held by women in national parliament, as of February (%)",,,3.9146,,"Inter-Parliamentary Union (IPU), Geneva, ""Women in National Parliament"" dataset and the Millennium Development Goals Indicators database, last accessed March 2019."
54,Melanesia,2005,"Seats held by women in national parliament, as of February (%)",,,3.1915,,"Inter-Parliamentary Union (IPU), Geneva, ""Women in National Parliament"" dataset and the Millennium Development Goals Indicators database, last accessed March 2019."
54,Melanesia,2010,"Seats held by women in national parliament, as of February (%)",,,1.4218,,"Inter-Parliamentary Union (IPU), Geneva, ""Women in National Parliament"" dataset and the Millennium Development Goals Indicators database, last accessed March 2019."
54,Melanesia,2015,"Seats held by women in national parliament, as of February (%)",,,4.1825,,"Inter-Parliamentary Union (IPU), Geneva, ""Women in National Parliament"" dataset and the Millennium Development Goals Indicators database, last accessed March 2019."
54,Melanesia,2016,"Seats held by women in national parliament, as of February (%)",,,4.5627,,"Inter-Parliamentary Union (IPU), Geneva, ""Women in National Parliament"" dataset and the Millennium Development Goals Indicators database, last accessed March 2019."
54,Melanesia,2017,"Seats held by women in national parliament, as of February (%)",,,4.5627,,"Inter-Parliamentary Union (IPU), Geneva, ""Women in National Parliament"" dataset and the Millennium Development Goals Indicators database, last accessed March 2019."
54,Melanesia,2018,"Seats held by women in national parliament, as of February (%)",,,3.4884,,"Inter-Parliamentary Union (IPU), Geneva, ""Women in National Parliament"" dataset and the Millennium Development Goals Indicators database, last accessed March 2019."
54,Melanesia,2019,"Seats held by women in national parliament, as of February (%)",,,4.2636,,"Inter-Parliamentary Union (IPU), Geneva, ""Women in National Parliament"" dataset and the Millennium Development Goals Indicators database, last accessed March 2019."
57,Micronesia,2000,"Seats held by women in national parliament, as of February (%)",,,2.459,,"Inter-Parliamentary Union (IPU), Geneva, ""Women in National Parliament"" dataset and the Millennium Development Goals Indicators database, last accessed March 2019."
57,Micronesia,2005,"Seats held by women in national parliament, as of February (%)",,,2.439,,"Inter-Parliamentary Union (IPU), Geneva, ""Women in National Parliament"" dataset and the Millennium Development Goals Indicators database, last accessed March 2019."
57,Micronesia,2010,"Seats held by women in national parliament, as of February (%)",,,2.3622,,"Inter-Parliamentary Union (IPU), Geneva, ""Women in National Parliament"" dataset and the Millennium Development Goals Indicators database, last accessed March 2019."
57,Micronesia,2015,"Seats held by women in national parliament, as of February (%)",,,4.6875,,"Inter-Parliamentary Union (IPU), Geneva, ""Women in National Parliament"" dataset and the Millennium Development Goals Indicators database, last accessed March 2019."
57,Micronesia,2016,"Seats held by women in national parliament, as of February (%)",,,5.4688,,"Inter-Parliamentary Union (IPU), Geneva, ""Women in National Parliament"" dataset and the Millennium Development Goals Indicators database, last accessed March 2019."
57,Micronesia,2017,"Seats held by women in national parliament, as of February (%)",,,7.8125,,"Inter-Parliamentary Union (IPU), Geneva, ""Women in National Parliament"" dataset and the Millennium Development Goals Indicators database, last accessed March 2019."
57,Micronesia,2018,"Seats held by women in national parliament, as of February (%)",,,7.8125,,"Inter-Parliamentary Union (IPU), Geneva, ""Women in National Parliament"" dataset and the Millennium Development Goals Indicators database, last accessed March 2019."
57,Micronesia,2019,"Seats held by women in national parliament, as of February (%)",,,7.8125,,"Inter-Parliamentary Union (IPU), Geneva, ""Women in National Parliament"" dataset and the Millennium Development Goals Indicators database, last accessed March 2019."
61,Polynesia,2000,"Seats held by women in national parliament, as of February (%)",,,4.3956,,"Inter-Parliamentary Union (IPU), Geneva, ""Women in National Parliament"" dataset and the Millennium Development Goals Indicators database, last accessed March 2019."
61,Polynesia,2005,"Seats held by women in national parliament, as of February (%)",,,3.1915,,"Inter-Parliamentary Union (IPU), Geneva, ""Women in National Parliament"" dataset and the Millennium Development Goals Indicators database, last accessed March 2019."
61,Polynesia,2010,"Seats held by women in national parliament, as of February (%)",,,5.2083,,"Inter-Parliamentary Union (IPU), Geneva, ""Women in National Parliament"" dataset and the Millennium Development Goals Indicators database, last accessed March 2019."
61,Polynesia,2015,"Seats held by women in national parliament, as of February (%)",,,4.4444,,"Inter-Parliamentary Union (IPU), Geneva, ""Women in National Parliament"" dataset and the Millennium Development Goals Indicators database, last accessed March 2019."
61,Polynesia,2016,"Seats held by women in national parliament, as of February (%)",,,4.4444,,"Inter-Parliamentary Union (IPU), Geneva, ""Women in National Parliament"" dataset and the Millennium Development Goals Indicators database, last accessed March 2019."
61,Polynesia,2017,"Seats held by women in national parliament, as of February (%)",,,7.6923,,"Inter-Parliamentary Union (IPU), Geneva, ""Women in National Parliament"" dataset and the Millennium Development Goals Indicators database, last accessed March 2019."
61,Polynesia,2018,"Seats held by women in national parliament, as of February (%)",,,8.6957,,"Inter-Parliamentary Union (IPU), Geneva, ""Women in National Parliament"" dataset and the Millennium Development Goals Indicators database, last accessed March 2019."
61,Polynesia,2019,"Seats held by women in national parliament, as of February (%)",,,8.6957,,"Inter-Parliamentary Union (IPU), Geneva, ""Women in National Parliament"" dataset and the Millennium Development Goals Indicators database, last accessed March 2019."
